RecordID_1	RecordID_2	Record1_Len	Record2_Len	MaxJaccardContain
group_7857	group_2069	2955	924	1.0
group_5337	group_5338	1410	4224	1.0
group_5147	group_5139	3177	2016	1.0
group_4992	group_7453	165	966	1.0
group_459	group_4972	1686	180	1.0
group_459	group_4403	1686	345	1.0
group_4187	pcaF	393	1209	1.0
glcE	group_4727	1104	255	1.0
group_3399	group_6220	627	1815	0.9478991596638655
mdtP	group_2664	1500	795	0.918954248366013
metG	group_397	2067	1779	0.9176672384219554
group_4600	group_279	291	2031	0.9080459770114943
group_802	atuA	1377	1023	0.8972809667673716
group_665	group_6623	1491	10089	0.893908281998631
group_1756	group_3356	984	639	0.8817733990147784
group_4127	group_5046	408	114	0.8809523809523809
macA	group_1268	303	1152	0.8791208791208791
group_7857	group_2949	2955	738	0.8771186440677966
group_5109	group_3152	879	690	0.8636363636363636
group_1172	group_3012	1179	726	0.8591954022988506
group_16	group_5139	4122	2016	0.8549848942598187
kdsC	group_4872	609	216	0.8387096774193549
group_7499	group_3292	12456	654	0.8381410256410257
group_2830	group_5252	765	1197	0.8367346938775511
group_447	group_5077	1698	1098	0.8342696629213483
group_6884	group_140	12303	2439	0.8252386882523869
group_1270	group_4796	1149	240	0.8238095238095238
group_8107	group_7610	99	975	0.8115942028985508
group_6953	group_2949	7932	738	0.8036723163841808
group_1518	group_7713	1041	1971	0.7992087042532147
group_1619	group_6623	1011	10089	0.799184505606524
metI	group_3689	657	528	0.7971887550200804
fecR~~~fecI	group_3708	1497	522	0.7967479674796748
group_6953	group_7857	7932	2955	0.7944596443228454
group_7092	group_5110	6054	3552	0.7904599659284497
group_5273	group_5115	573	1287	0.7863720073664825
group_1544	group_4734	1029	255	0.7822222222222223
group_1774	group_4364	981	354	0.7808641975308642
group_75	group_8095	2739	399	0.7642276422764228
group_5098	group_6623	2058	10089	0.76232741617357
group_8093	group_6219	933	792	0.7559055118110236
group_5674	group_8218	1578	1707	0.7538759689922481
group_2949	group_7	738	7134	0.7457627118644068
cheA	group_4153	2142	402	0.7446236559139785
group_2426	group_2584	855	816	0.7417302798982188
group_6953	group_2069	7932	924	0.7348993288590604
group_5364	group_8210	1620	1515	0.7306397306397306
group_4897	fliF	207	1683	0.7231638418079096
group_5573	group_3740	924	516	0.7222222222222222
hemJ	prpD	429	1692	0.7192982456140351
kup	group_8103	1929	393	0.71900826446281
group_3558	group_4887	576	210	0.7111111111111111
group_5147	group_16	3177	4122	0.7022561169367652
group_5650	group_6219	993	792	0.7007874015748031
group_1274	group_3906	1149	471	0.6984126984126984
nupQ	group_3637	951	549	0.697495183044316
group_5587	blaELC	1293	1227	0.6967418546365914
group_146	group_4810	2421	234	0.696078431372549
group_8219	group_5105	1131	1167	0.6948228882833788
group_5219	wecB	570	1161	0.6907407407407408
group_5114	group_4726	972	255	0.6844444444444444
fhuE	group_307	2430	1968	0.6811145510835913
group_5386	group_7858	1893	159	0.6744186046511628
group_208	group_4886	2211	210	0.6666666666666666
group_360	group_6623	1842	10089	0.6539735099337748
group_6427	group_5157	2301	2025	0.6516290726817042
group_5645	group_1167	1281	1182	0.6501736111111112
group_5526	group_3097	3228	702	0.6488095238095238
tex	group_5243	2382	2229	0.6466575716234653
group_5332	group_8216	1224	993	0.6386292834890965
group_4016	group_7650	438	567	0.6348039215686274
group_1229	group_5119	1164	5664	0.6313932980599647
group_5093	group_2359	1476	873	0.6215895610913404
group_874	group_1645	1326	1005	0.6133333333333333
group_7861	group_4671	987	273	0.6131687242798354
group_7451	group_6623	1197	10089	0.6058269065981148
group_1924	group_6623	957	10089	0.6008629989212514
group_5650	group_8093	993	933	0.5913621262458472
group_6068	group_7861	1491	987	0.5736677115987461
group_565	group_8065	1575	276	0.5691056910569106
degP	group_4905	1341	204	0.5574712643678161
group_4764	group_1439	246	1071	0.5416666666666666
group_2069	group_7	924	7134	0.5246085011185683
group_7857	group_7	2955	7134	0.5229138166894665
group_4673	group_4184	273	396	0.522633744855967
group_6207	group_8223	1011	852	0.5158150851581509
group_4522	group_3904	315	471	0.5157894736842106
group_4093	group_3938	420	462	0.5102564102564102
group_6953	group_7	7932	7134	0.5050675675675675
oprJ	group_1468	1479	1059	0.5043731778425656
group_6138	group_2488	1260	837	0.4969021065675341
murF	group_8094	2865	339	0.4886731391585761
group_5013	group_6553	150	2010	0.48333333333333334
group_6337	group_2466	753	843	0.4827109266943292
group_269	group_667	2064	1491	0.46406570841889117
group_355	hlyB~~~shlB	1851	1782	0.4606164383561644
group_7482	group_5350	1023	12702	0.45720040281973817
group_4133	group_4247	408	381	0.452991452991453
group_7590	group_4722	258	258	0.4473684210526316
group_177	group_4708	2283	261	0.4458874458874459
group_1430	group_3353	1077	639	0.44499178981937604
tmk	group_479	624	1668	0.43097643097643096
group_5583	group_5132	2289	2295	0.42895086321381143
group_6891	group_8217	1122	987	0.42424242424242425
putA	group_2520	3822	828	0.42105263157894735
group_7483	group_5350	3447	12702	0.4208369915130231
group_4517	group_7552	318	318	0.4166666666666667
group_8094	group_8102	339	252	0.4144144144144144
group_5790	group_8102	702	252	0.4144144144144144
group_8027	group_1495	222	1050	0.4114583333333333
group_5098	group_1924	2058	957	0.4110032362459547
group_4837	group_4652	225	279	0.41025641025641024
group_5569	group_7713	1917	1971	0.4069952305246423
tar	group_5129	1731	975	0.4042328042328042
group_5978	group_6329	3729	924	0.4004474272930649
group_7636	group_7479	15177	1341	0.39969488939740655
group_5144	group_4174	1332	396	0.39617486338797814
group_4969	traG	180	2001	0.3933333333333333
group_4617	group_4631	288	285	0.39215686274509803
group_2451	group_5569	846	1917	0.37745098039215685
group_5083	group_4960	1155	189	0.37735849056603776
group_3687	group_3695	528	528	0.3634538152610442
group_4019	group_4043	438	432	0.36318407960199006
group_2566	group_4270	819	378	0.3620689655172414
group_253	group_4933	2106	195	0.3575757575757576
group_5145	group_8220	1446	915	0.3536723163841808
group_5021	group_6130	144	1308	0.3508771929824561
group_6220	group_6195	1815	8913	0.3477285473920359
group_7856	group_5569	534	1917	0.3392857142857143
ucpA	group_7779	795	534	0.32936507936507936
group_4458	group_8108	333	279	0.3293172690763052
group_7856	tar	534	1731	0.3273809523809524
group_7779	exbB	534	996	0.32341269841269843
group_3831	group_6921	489	708	0.3224400871459695
ccoN	group_7864	1485	366	0.32142857142857145
group_4968	group_4975	180	180	0.32
group_4352	group_4353	357	357	0.3119266055045872
recG	group_7866	2091	807	0.31145431145431146
group_7948	group_7590	258	258	0.31140350877192985
group_4994	group_5167	165	171	0.3111111111111111
group_4868	group_6439	216	207	0.3107344632768362
group_3941	proQ	462	1119	0.3101851851851852
group_5790	group_8094	702	339	0.3042071197411003
group_57	group_1282	2931	1146	0.2939068100358423
group_5354	group_4545	1764	309	0.2939068100358423
group_4514	group_3480	318	606	0.2916666666666667
group_1541	group_8223	1032	852	0.29075425790754256
group_6700	group_7036	1341	1038	0.2876984126984127
group_229	group_4982	2157	177	0.2857142857142857
group_7948	group_4722	258	258	0.2850877192982456
group_6525	group_8174	2793	2799	0.28447339847991315
group_3883	group_5051	474	111	0.2839506172839506
group_4969	trbD	180	285	0.28
group_1010	group_1026	1239	1233	0.27847049044056527
tar	group_7713	1731	1971	0.2774838330393886
group_146	group_4710	2421	261	0.27705627705627706
group_6832	group_4958	729	189	0.27672955974842767
group_7482	group_7483	1023	3447	0.27391742195367574
group_8066	group_5633	816	1209	0.26717557251908397
group_4132	group_4952	408	189	0.2641509433962264
group_5107	group_6506	816	1107	0.26208651399491095
tar	group_5569	1731	1917	0.260435038212816
group_4881	group_4751	213	252	0.2568306010928962
group_4545	group_450	309	1698	0.25448028673835127
group_7636	group_2383	15177	867	0.2532855436081243
group_4439	group_8192	336	1092	0.25163398692810457
group_5262	dnaA	1404	1470	0.25036390101892286
group_6428	group_5057	432	99	0.2463768115942029
group_2835	group_6721	765	1056	0.24489795918367346
group_2946	group_7556	738	741	0.24293785310734464
group_3329	group_5676	645	1278	0.23902439024390243
group_3991	group_4357	447	357	0.23547400611620795
group_8070	group_8223	1032	852	0.22871046228710462
group_8134	group_2704	825	789	0.22134387351778656
group_5167	group_5425	171	1971	0.2198581560283688
group_6466	group_1440	1083	1071	0.21902017291066284
group_4724	group_1364	255	1107	0.21777777777777776
group_3723	group_8131	519	150	0.21666666666666667
group_4246	group_4255	381	381	0.21652421652421652
group_8106	group_5246	1665	5523	0.21529051987767583
group_1540	group_2502	1032	834	0.21393034825870647
group_5171	group_8172	891	894	0.21370499419279906
group_1541	group_6207	1032	1011	0.2089704383282365
tgt	group_5690	1137	384	0.2062146892655367
group_1662	group_8222	999	1170	0.20536635706914344
group_2426	group_7865	855	891	0.20363636363636364
group_1932	group_795	954	1380	0.20346320346320346
group_5	dltA	7860	15090	0.2030002752546105
group_4994	group_5425	165	1971	0.2
group_6341	group_7476	384	384	0.1977401129943503
group_5136	group_7210	975	975	0.19682539682539682
group_8070	group_6207	1032	1011	0.19571865443425077
group_7668	group_6037	930	930	0.19555555555555557
group_7370	group_4271	1584	378	0.1925287356321839
group_7856	group_7713	534	1971	0.19246031746031747
group_6028	group_2306	1986	882	0.19131455399061034
group_3937	group_1171	462	1182	0.1875
group_3336	group_7732	642	2970	0.18627450980392157
group_5354	group_356	1764	1851	0.1845444059976932
group_3621	group_3579	552	564	0.18007662835249041
group_800	group_7039	1377	540	0.1784313725490196
group_7756	group_6076	1395	861	0.17809867629362214
group_1824	group_1826	975	975	0.1746031746031746
group_2304	group_5222	882	1536	0.17370892018779344
group_4566	group_4570	303	303	0.17216117216117216
group_6075	group_6076	1221	861	0.17208182912154033
group_3939	group_3894	462	474	0.1712962962962963
group_7973	group_7974	582	405	0.17066666666666666
group_4803	group_3894	237	474	0.16908212560386474
group_2679	group_2750	792	780	0.16666666666666666
group_7717	group_6889	1179	1212	0.16623150565709313
group_4326	group_4328	363	363	0.16516516516516516
group_1541	group_8070	1032	1032	0.16467065868263472
group_3897	group_7094	471	1176	0.15873015873015872
group_4394	group_5836	348	1158	0.15723270440251572
group_5459	group_5429	927	4053	0.15607580824972128
group_188	group_150	2271	2406	0.15573404730031237
group_2466	group_2606	843	810	0.15512820512820513
group_6556	group_8209	1611	159	0.15503875968992248
group_6907	group_5043	438	114	0.15476190476190477
group_3903	group_6473	471	555	0.15192743764172337
group_1507	group_795	1044	1380	0.15187376725838264
group_4842	group_8153	222	1011	0.15104166666666666
group_3645	group_6032	546	906	0.14922480620155038
group_6166	group_3331	636	645	0.1485148514851485
group_3258	group_6154	663	1953	0.1484992101105845
group_3298	group_6496	651	651	0.14814814814814814
group_5831	group_4545	1608	309	0.14695340501792115
nlpA	group_6066	798	222	0.14583333333333334
group_3148	group_4287	690	375	0.14492753623188406
group_1713	group_2043	990	930	0.14444444444444443
group_1677	group_1944	996	951	0.14332247557003258
group_5314	group_2505	900	834	0.14303482587064675
group_2237	group_5022	897	144	0.14035087719298245
group_2333	group_2337	876	876	0.13947990543735225
group_6949	group_6951	291	291	0.13793103448275862
group_6023	group_7203	300	723	0.13703703703703704
group_6366	group_7696	996	1452	0.13561076604554864
traV	group_3099	216	702	0.13440860215053763
group_3390	fimV~~~lysM	630	1950	0.13
group_2520	group_6017	828	504	0.12869198312236288
group_4709	group_6093	261	219	0.12698412698412698
group_7967	group_7965	240	180	0.12666666666666668
group_1933	hrgA	954	237	0.12560386473429952
group_429	group_6939	1722	1785	0.12529550827423167
group_1036	group_839	1224	1344	0.12395309882747069
group_6511	group_4071	2121	426	0.12373737373737374
group_5079	group_6584	1353	1587	0.12320483749055178
group_7716	group_6797	861	1098	0.12274368231046931
group_7456	group_6939	1701	1785	0.12208258527827648
group_5602	group_3453	684	615	0.12136752136752137
group_6337	group_2606	753	810	0.12033195020746888
group_3867	group_4357	480	357	0.11926605504587157
group_164	group_30	2352	3414	0.11886304909560723
group_8224	group_2788	1104	774	0.11853088480801335
group_4545	group_356	309	1851	0.11827956989247312
group_846	group_5181	1341	825	0.11823899371069183
group_5057	group_8203	99	396	0.11594202898550725
group_3831	mneS	489	978	0.11546840958605664
livK	group_5423	1479	765	0.11428571428571428
group_5009	group_5467	153	723	0.11382113821138211
group_4998	group_5782	162	702	0.11363636363636363
group_3605	group_3064	558	711	0.11363636363636363
group_287	group_289	2016	2016	0.11228600201409869
group_3362	group_1072	636	1212	0.11056105610561057
group_1464	group_8153	1059	1011	0.11009174311926606
group_348	group_3418	1860	624	0.10942760942760943
group_2777	bioD	774	1428	0.10887096774193548
group_6605	group_730	1494	1422	0.10847701149425287
group_5105	group_822	1167	1359	0.10729991204925242
group_4920	group_4898	198	207	0.10714285714285714
group_3124	group_3169	693	684	0.10703363914373089
group_5739	group_2538	948	825	0.1069182389937107
ccoS	group_7281	162	162	0.10606060606060606
group_5518	group_5271	1392	1383	0.10569105691056911
group_1344	group_5108	1119	1140	0.10560146923783287
group_1507	group_1932	1044	954	0.10497835497835498
group_5779	group_3310	2160	651	0.10466988727858294
group_4350	group_7681	357	681	0.10397553516819572
group_7862	group_6162	672	996	0.102803738317757
yrdD	group_282	2031	2022	0.10040160642570281
group_1409	group_3605	1086	558	0.10037878787878787
group_6134	group_3983	453	450	0.1
group_2364	group_8210	870	1515	0.1
group_5354	group_450	1764	1698	0.09952038369304557
group_3653	group_3306	543	651	0.09941520467836257
group_1932	group_3053	954	714	0.09941520467836257
group_4027	group_7778	435	684	0.09876543209876543
group_7722	group_4880	213	213	0.09836065573770492
group_7064	group_7202	942	663	0.09794628751974724
group_3707	group_8171	522	522	0.0975609756097561
group_3748	group_3649	513	546	0.09730848861283643
group_5087	group_4206	522	390	0.09722222222222222
group_2346	group_5999	873	1542	0.09489916963226572
group_450	group_356	1698	1851	0.09412470023980815
group_7568	group_6570	1359	1638	0.09405568096313018
group_3091	group_7778	702	684	0.09370199692780339
group_4291	group_2420	372	858	0.0935672514619883
group_7856	group_6956	534	1884	0.09325396825396826
group_2679	group_2666	792	795	0.09317585301837271
group_5087	group_4427	522	342	0.09294871794871795
group_5350	group_7500	12702	1140	0.0918918918918919
group_3501	group_7303	600	600	0.0912280701754386
metN	group_3689	1119	528	0.09036144578313253
group_3629	group_6745	552	552	0.09003831417624521
argP	group_1611	1014	1014	0.08943089430894309
group_2531	group_2523	825	828	0.08930817610062892
group_410	group_3053	1755	714	0.0891812865497076
group_3748	group_3653	513	543	0.08902691511387163
group_7663	group_3353	762	639	0.08702791461412152
group_8104	group_6970	894	1386	0.08680555555555555
group_8176	ccoO	711	762	0.08663729809104258
group_2776	group_3053	774	714	0.08625730994152046
group_7973	group_2603	582	810	0.08514492753623189
group_7979	group_8034	336	366	0.08496732026143791
group_8055	group_8054	894	402	0.08333333333333333
group_4842	group_8045	222	303	0.08333333333333333
group_4208	blaI	390	390	0.08333333333333333
group_3939	group_4803	462	237	0.0821256038647343
group_7646	group_5418	1698	1752	0.0815347721822542
group_3991	group_3867	447	480	0.0815347721822542
group_7666	group_5011	171	153	0.08130081300813008
group_4227	group_4184	387	396	0.08123249299719888
bdlA	group_6715	1455	1470	0.08070175438596491
group_6351	group_2429	855	855	0.08
group_1507	group_2919	1044	744	0.07983193277310924
group_4250	group_3903	381	471	0.07977207977207977
group_5403	group_5402	993	1638	0.07892004153686397
group_6895	group_4223	387	387	0.0784313725490196
group_4188	group_4223	393	387	0.0784313725490196
group_7853	group_6244	1779	1863	0.07833047455688966
group_2502	group_3064	834	711	0.07782672540381791
group_251	group_139	2115	2439	0.0776978417266187
group_4267	group_5339	378	2544	0.07758620689655173
group_2466	group_1540	843	1032	0.07749077490774908
group_4570	group_4572	303	303	0.07692307692307693
group_1540	group_2606	1032	810	0.07692307692307693
group_6951	group_4589	291	297	0.07662835249042145
tar	group_6956	1731	1884	0.07642563198118754
group_8066	group_1080	816	1209	0.07633587786259542
group_182	group_179	2274	2283	0.07620320855614973
group_445	group_188	1701	2271	0.07600239377618193
group_2207	group_2226	900	900	0.07586206896551724
group_6956	group_7713	1884	1971	0.0749730312837109
group_7717	group_1167	1179	1182	0.07484769364664925
group_2221	group_7504	900	900	0.07471264367816093
group_5569	group_6956	1917	1884	0.0744336569579288
group_1608	group_7753	1014	2280	0.0741869918699187
group_1552	group_4862	1029	219	0.07407407407407407
group_8105	group_6521	747	1254	0.07391910739191074
fixA	group_2891	750	750	0.07361111111111111
group_4511	group_8127	318	318	0.07291666666666667
group_7456	group_429	1701	1722	0.07241172950329144
group_7625	group_675	2058	1482	0.07231404958677685
group_362	group_4212	1839	390	0.07222222222222222
group_3997	group_4325	444	363	0.07207207207207207
group_6327	group_839	1470	1344	0.0715372907153729
group_6800	group_2592	825	813	0.07151979565772669
siaT	group_8212	1893	213	0.07103825136612021
group_6527	group_8211	582	456	0.07042253521126761
group_4917	group_1123	201	1197	0.07017543859649122
group_4692	group_4771	267	246	0.06944444444444445
group_2535	group_8063	825	828	0.06918238993710692
group_1816	group_4325	975	363	0.06906906906906907
group_7812	group_4842	219	222	0.06878306878306878
group_2284	group_3091	885	702	0.06845238095238096
group_2123	group_5592	915	441	0.0681265206812652
group_1994	group_2042	939	930	0.06777777777777778
group_4694	group_4695	267	267	0.06751054852320675
tssB	group_7861	534	987	0.06746031746031746
group_3049	group_2681	714	792	0.06725146198830409
group_5099	group_1090	1197	1206	0.06683804627249357
group_981	trbI	1263	1269	0.0665044606650446
group_6293	group_7483	1011	3447	0.06625891946992865
group_4868	group_4879	216	213	0.06557377049180328
group_3823	group_6865	492	489	0.06535947712418301
group_6466	group_1208	1083	1170	0.06457739791073125
group_1497	group_746	1050	1413	0.06372549019607843
group_4691	group_4692	267	267	0.06329113924050633
group_4624	group_3857	285	483	0.06274509803921569
group_2102	ruvC	918	765	0.06258503401360545
group_7759	group_8175	174	174	0.0625
group_1246	group_1425	1158	1080	0.06190476190476191
group_6684	group_3547	582	582	0.06159420289855073
group_2600	group_2601	810	810	0.06153846153846154
group_6307	group_8158	177	186	0.061224489795918366
group_4830	group_4887	225	210	0.06111111111111111
group_5058	group_4613	96	288	0.06060606060606061
group_1507	group_1207	1044	1170	0.0601577909270217
group_7482	group_7744	1023	12669	0.059415911379657606
group_2776	group_410	774	1755	0.05913978494623656
group_2466	group_3064	843	711	0.05873715124816446
group_3691	group_3695	528	528	0.05823293172690763
group_3224	group_3235	669	669	0.057902973395931145
group_7578	group_1144	636	1191	0.057755775577557754
group_7670	group_3132	705	693	0.05731523378582202
group_1829	group_1956	972	948	0.05664488017429194
group_5237	group_4958	582	189	0.05660377358490566
group_1376	group_1659	1101	1002	0.056584362139917695
group_4879	group_6439	213	207	0.05649717514124294
group_2118	group_3427	915	621	0.05583756345177665
group_5123	group_4824	1164	228	0.05555555555555555
group_3628	group_741	552	1419	0.05555555555555555
group_2220	group_2258	900	894	0.05555555555555555
group_7626	group_2534	831	825	0.055345911949685536
group_6337	group_1540	753	1032	0.05532503457814661
group_1080	group_5633	1209	1209	0.055178268251273345
group_6499	group_6501	849	861	0.054945054945054944
acdA	group_1091	1206	1206	0.05442176870748299
group_1540	group_3064	1032	711	0.05433186490455213
group_6993	group_6610	1173	2982	0.0542432195975503
group_4168	group_4121	399	411	0.05420054200542006
group_5671	group_604	1521	1533	0.05365526492287056
group_2765	group_2666	777	795	0.0535475234270415
group_188	group_157	2271	2391	0.05310129406514949
blaOXA	group_2525	846	828	0.05263157894736842
group_3687	group_3691	528	528	0.05220883534136546
group_1570	group_8108	1020	279	0.05220883534136546
group_860	group_828	1335	1353	0.05210727969348659
trbF	group_3079	705	705	0.05185185185185185
group_4430	group_4426	339	342	0.05177993527508091
group_6626	group_3741	1395	516	0.051440329218107
dppD	group_1755	1023	984	0.051362683438155136
group_1126	group_8165	1194	423	0.05089058524173028
group_1527	trbB	1038	1050	0.050595238095238096
group_3901	group_3923	471	465	0.05057471264367816
group_515	group_8193	1629	684	0.04892966360856269
group_4350	group_3711	357	522	0.04892966360856269
group_7972	group_3856	489	483	0.04856512141280353
group_1334	secB	1122	630	0.04833333333333333
yrdD	group_292	2031	2013	0.04790721129601614
group_2861	group_2926	756	741	0.04781997187060478
virD2	group_2736	1992	783	0.04780876494023904
group_5894	group_7580	1056	1524	0.04775828460038986
group_8063	group_7865	828	891	0.047619047619047616
group_7986	group_8003	198	336	0.047619047619047616
group_4788	group_4792	240	240	0.047619047619047616
group_6501	group_2413	861	858	0.04710144927536232
group_6444	group_3320	735	648	0.04692556634304207
group_7469	group_3795	1338	501	0.04670912951167728
mrcA	group_6669	2448	2727	0.04631927212572374
group_3499	pilL	600	621	0.0456140350877193
group_7753	group_182	2280	2274	0.045454545454545456
group_5323	group_6574	735	954	0.04539007092198582
group_5123	group_3490	1164	603	0.04537521815008726
group_7721	group_4750	270	252	0.04504504504504504
group_554	group_3889	1584	474	0.04504504504504504
group_161	group_2921	2382	744	0.04481792717086835
group_3460	group_3392	612	630	0.044673539518900345
group_4317	group_4198	366	393	0.044642857142857144
group_3181	group_682	681	1479	0.0445468509984639
group_4734	group_1551	255	1029	0.044444444444444446
group_4331	group_6734	360	345	0.044444444444444446
group_4566	group_4572	303	303	0.04395604395604396
papC	group_7634	2445	1647	0.04390847247990105
group_5832	group_4545	1716	309	0.043010752688172046
group_441	group_6040	1704	1728	0.043010752688172046
group_3526	group_3531	588	588	0.043010752688172046
group_1903	group_1911	960	960	0.043010752688172046
group_4356	group_3033	357	720	0.04281345565749235
group_139	trbE	2439	2472	0.042756330427563306
group_7812	group_8153	219	1011	0.042328042328042326
virD2	group_7341	1992	1995	0.0417940876656473
group_6242	secB	1050	630	0.041666666666666664
vgrG1	group_3929	2877	465	0.041379310344827586
group_7504	group_2226	900	900	0.041379310344827586
group_1922	pgaA	957	2520	0.040992448759439054
group_5070	group_1959	951	948	0.04030501089324619
group_59	group_7193	2886	3192	0.040266106442577033
group_6043	group_4653	279	279	0.040160642570281124
trmN6	group_1350	1110	1116	0.03981481481481482
group_6862	group_6913	408	408	0.03968253968253968
group_3597	spoIVCA	561	564	0.03954802259887006
group_7566	group_7700	492	510	0.03896103896103896
group_124	group_119	2472	2481	0.038902538902538905
group_1127	group_1153	1194	1188	0.038860103626943004
group_1408	group_1246	1086	1158	0.038825757575757576
group_492	group_5969	1653	1095	0.038497652582159626
group_7026	group_6783	1590	396	0.03825136612021858
group_5448	group_5230	738	162	0.03787878787878788
group_4394	group_5290	348	750	0.03773584905660377
arsH	group_3032	765	720	0.03768115942028986
group_3447	group_3449	615	615	0.037606837606837605
group_1208	group_1440	1170	1071	0.037463976945244955
group_2133	group_2141	912	912	0.03741496598639456
nhaP2	group_5672	3039	807	0.03732303732303732
group_1409	group_2618	1086	807	0.03732303732303732
group_5134	group_8149	1635	1590	0.03717948717948718
group_3618	group_7243	552	546	0.03682170542635659
group_2207	group_7504	900	900	0.0367816091954023
group_3270	group_8093	657	933	0.03668261562998405
group_2914	group_1023	744	1233	0.036414565826330535
group_2626	hpaH	801	804	0.03631647211413749
group_6498	group_7506	480	444	0.036231884057971016
group_7731	group_3127	693	693	0.03619909502262444
group_7754	trmN6	1110	1110	0.03611111111111111
group_4090	group_1532	420	1035	0.035897435897435895
group_8143	group_2481	840	840	0.03580246913580247
group_2102	group_3098	918	702	0.03571428571428571
group_7717	group_5645	1179	1281	0.03568320278503046
group_6353	group_930	1305	1293	0.035629453681710214
intA	group_4736	1413	255	0.035555555555555556
group_1438	group_795	1071	1380	0.03554274735830932
group_6801	group_2957	738	738	0.03531073446327684
group_4038	group_4057	432	429	0.03508771929824561
group_3053	group_795	714	1380	0.03508771929824561
group_7765	group_3148	690	690	0.03484848484848485
group_7566	group_4149	492	405	0.034666666666666665
yahK	group_1494	1050	1050	0.03431372549019608
group_7242	group_7341	1983	1995	0.03430619559651818
group_1687	trbG	993	1002	0.03426791277258567
group_7539	group_3099	876	702	0.03422619047619048
dppC	group_2116	927	915	0.03389830508474576
group_110	group_1246	2505	1158	0.03368794326241135
group_159	group_1744	2385	987	0.03343782654127482
group_4967	group_7508	180	990	0.03333333333333333
group_4837	group_4977	225	180	0.03333333333333333
cheZ	group_8218	633	1707	0.03316749585406302
group_5099	group_8211	1197	456	0.03286384976525822
group_377	rluB	1800	1797	0.032823995472552346
group_3723	group_7651	519	534	0.032719836400818
group_2534	group_2523	825	828	0.03270440251572327
group_2669	group_5255	792	183	0.032679738562091505
group_828	group_7362	1353	1395	0.03250188964474679
group_535	group_538	1608	1608	0.03231939163498099
group_7225	trbE	2451	2472	0.0322180916976456
group_7681	group_7473	681	249	0.0319634703196347
group_7765	group_4287	690	375	0.03188405797101449
group_4641	group_4642	282	282	0.031746031746031744
mobF	group_3376	2844	633	0.03150912106135987
group_7539	group_4847	876	222	0.03125
group_5071	group_62	2892	2868	0.031007751937984496
group_211	spo0J	2196	2067	0.030927835051546393
group_4360	group_4320	354	366	0.030864197530864196
group_1829	rhaT	972	915	0.030508474576271188
group_2916	group_7517	744	687	0.030441400304414
group_2861	group_2887	756	753	0.030428769017980636
group_4934	group_1848	195	972	0.030303030303030304
merA	group_460	1689	1686	0.030193236714975844
siaT	group_330	1893	1893	0.030059044551798177
group_4173	group_4177	396	396	0.030054644808743168
group_917	group_924	1302	1299	0.029944838455476755
group_7625	parB	2058	2037	0.029895366218236172
group_2466	group_2502	843	834	0.029850746268656716
group_2113	group_2117	915	915	0.02937853107344633
group_2679	group_2748	792	780	0.029333333333333333
group_981	group_7411	1263	1293	0.029197080291970802
group_5585	group_5592	705	441	0.029197080291970802
group_1544	group_1551	1029	1029	0.02902902902902903
group_6325	group_3994	447	447	0.02877697841726619
group_5629	group_1217	1149	1167	0.028596961572832886
group_2629	group_2642	801	801	0.028534370946822308
group_5831	group_5832	1608	1716	0.028517110266159697
trbF	group_7384	705	705	0.028148148148148148
group_2926	group_2887	741	753	0.02812939521800281
group_2917	group_2918	744	744	0.028011204481792718
fixB	group_2037	930	930	0.027777777777777776
group_3445	group_7250	615	726	0.02735042735042735
group_2137	group_2105	912	918	0.027210884353741496
rhaT	group_1956	915	948	0.02711864406779661
group_61	group_60	2880	2883	0.027017543859649124
group_4154	group_3982	402	450	0.026881720430107527
group_2776	group_1420	774	1083	0.026881720430107527
group_3395	group_2359	627	873	0.02680067001675042
group_2625	group_3247	804	666	0.026729559748427674
group_4143	group_4091	405	420	0.02666666666666667
group_1413	group_1425	1083	1080	0.02666666666666667
group_4848	group_2086	219	918	0.026455026455026454
group_2221	group_2226	900	900	0.026436781609195402
group_1570	group_4458	1020	333	0.026402640264026403
group_6173	group_6172	465	447	0.026378896882494004
group_2379	group_679	867	1479	0.026284348864994027
group_3192	group_6202	678	717	0.026234567901234566
group_8003	group_8038	336	1605	0.026143790849673203
group_7288	group_7329	534	453	0.026004728132387706
group_7758	group_8177	957	984	0.025889967637540454
group_4270	group_2418	378	858	0.02586206896551724
group_209	group_2304	2202	882	0.025821596244131457
group_7731	group_3147	693	690	0.025757575757575757
group_7433	dsbG	771	774	0.02564102564102564
group_6499	group_2413	849	858	0.02564102564102564
group_2776	group_1932	774	954	0.025537634408602152
group_4827	group_4783	228	243	0.025252525252525252
group_2084	group_5550	921	822	0.025252525252525252
group_4188	group_6895	393	387	0.025210084033613446
group_949	group_5546	1284	786	0.02513227513227513
group_7754	group_1350	1110	1116	0.025
group_1507	group_3053	1044	714	0.024853801169590642
group_314	group_337	1944	1884	0.02481121898597627
group_7760	group_3352	639	639	0.024630541871921183
group_6928	group_2781	762	774	0.02459016393442623
group_1334	group_6242	1122	1050	0.024509803921568627
group_1580	group_1583	1017	1017	0.0243161094224924
group_632	group_7458	1512	1524	0.024291497975708502
group_4332	group_4269	360	378	0.024242424242424242
group_1029	group_6011	1230	1239	0.024166666666666666
group_211	group_7625	2196	2058	0.024161735700197237
group_3688	group_3690	528	528	0.024096385542168676
group_1678	group_1715	996	990	0.023958333333333335
group_7758	ccoP	957	954	0.023809523809523808
group_6947	group_740	1419	1419	0.023758099352051837
group_7483	group_7744	3447	12669	0.02370500438981563
group_1409	group_2502	1086	834	0.0236318407960199
group_7862	group_5276	672	765	0.02336448598130841
group_2089	group_3790	918	501	0.02335456475583864
group_4458	group_6269	333	1026	0.0231023102310231
group_4248	group_4252	381	381	0.022792022792022793
aceF	lpdA	1674	1779	0.0226576852418861
metP	group_1397	654	1089	0.022435897435897436
group_7981	group_8040	345	345	0.022222222222222223
group_2123	group_5585	915	705	0.022222222222222223
group_4016	group_8130	438	480	0.022058823529411766
group_8045	group_8153	303	1011	0.02197802197802198
group_1207	group_410	1170	1755	0.021929824561403508
bbsF	group_8222	1314	1170	0.021929824561403508
group_4374	group_4381	351	351	0.021806853582554516
group_6131	group_7462	222	810	0.021739130434782608
emrA	yibH	1260	1137	0.02168021680216802
group_5831	group_450	1608	1698	0.021546261089987327
group_5354	group_5831	1764	1608	0.021546261089987327
group_2765	group_2748	777	780	0.0214190093708166
group_1464	group_1072	1059	1212	0.021379980563654033
group_1608	group_179	1014	2283	0.021341463414634148
group_2960	group_2926	735	741	0.02127659574468085
group_4330	group_4314	360	366	0.021212121212121213
group_1570	group_6269	1020	1026	0.021212121212121213
group_7812	group_8045	219	303	0.021164021164021163
group_4744	group_6093	252	219	0.021164021164021163
group_5180	group_6967	2646	2631	0.02114571318723568
group_3325	group_7526	645	651	0.02113821138211382
group_872	group_873	1326	1326	0.020833333333333332
group_723	gspE	1428	1449	0.02074391988555079
group_675	spo0J	1482	2067	0.02066115702479339
group_4304	lacI	369	1095	0.02064896755162242
group_4350	group_4837	357	225	0.020512820512820513
group_1643	group_1363	1005	1110	0.020512820512820513
group_1896	group_1910	960	960	0.02043010752688172
group_2391	group_2401	864	864	0.02038369304556355
fixK	group_6994	867	1299	0.02031063321385902
group_292	group_282	2013	2022	0.020171457387796268
group_2990	group_2869	729	756	0.020028612303290415
group_7650	group_8130	567	480	0.02
group_2666	group_2748	795	780	0.02
group_2960	group_6162	735	996	0.019858156028368795
group_498	group_472	1647	1674	0.019789734075448363
group_4593	group_4627	294	285	0.0196078431372549
group_7720	group_482	1680	1665	0.019571865443425075
group_2207	group_2221	900	900	0.01954022988505747
group_5645	group_6889	1281	1212	0.0194585448392555
group_2851	group_2864	759	756	0.01928374655647383
group_7625	spo0J	2058	2067	0.019230769230769232
melB	group_4174	1329	396	0.01912568306010929
group_3247	group_3193	666	678	0.018867924528301886
group_1755	group_1757	984	984	0.018867924528301886
group_3588	group_3591	561	561	0.018832391713747645
group_7718	group_1747	1017	987	0.018808777429467086
group_7136	yagE	777	909	0.018741633199464525
group_7778	group_7862	684	672	0.018691588785046728
group_3748	group_3306	513	651	0.018633540372670808
group_2736	group_7341	783	1995	0.01859229747675963
group_6244	mobH	1863	1893	0.018548827059465357
group_4771	group_4695	246	267	0.018518518518518517
group_285	group_5407	2016	462	0.018518518518518517
group_7753	group_179	2280	2283	0.018222222222222223
group_3898	group_3891	471	474	0.018140589569160998
group_6891	group_6332	1122	747	0.01813110181311018
group_3120	group_3123	693	693	0.01809954751131222
fixA	group_2890	750	750	0.018055555555555554
group_1413	group_1246	1083	1158	0.018043684710351376
group_4709	group_4744	261	252	0.018018018018018018
group_7886	group_8150	1536	1773	0.017928286852589643
group_211	group_675	2196	1482	0.01790633608815427
group_1097	recT	1203	1215	0.017902813299232736
group_3364	group_4736	636	255	0.017777777777777778
traG	traG~~~virD4	2001	2004	0.017757483510908167
group_3302	group_3279	651	657	0.017713365539452495
group_5726	group_5204	849	828	0.017543859649122806
group_191	group_157	2265	2391	0.0174496644295302
group_6352	group_6364	531	492	0.017316017316017316
group_1932	group_1420	954	1083	0.017316017316017316
group_7242	group_2736	1983	783	0.017264276228419653
group_5583	sfcA	2289	2298	0.017264276228419653
group_4496	group_4430	321	339	0.01718213058419244
group_4496	group_4216	321	390	0.01718213058419244
group_2983	group_2851	729	759	0.017167381974248927
wzb	group_3794	498	501	0.017094017094017096
group_1567	group_3189	1023	678	0.016975308641975308
group_7778	group_5276	684	765	0.016897081413210446
group_4692	group_4695	267	267	0.016877637130801686
group_3399	group_6195	627	8913	0.01680672268907563
group_445	group_157	1701	2391	0.016756433273488927
ssb	group_3984	453	450	0.016666666666666666
hrpA	group_6784	3942	1113	0.01662049861495845
group_2864	tcyC	756	762	0.01652892561983471
group_174	group_173	2289	2292	0.01637892872952634
group_3336	tnpA	642	2973	0.016339869281045753
group_3079	group_7384	705	705	0.016296296296296295
group_8177	ccoP	984	954	0.016233766233766232
group_4430	group_4216	339	390	0.016181229773462782
group_159	group_161	2385	2382	0.016156462585034014
group_2776	group_795	774	1380	0.016129032258064516
group_1408	group_1391	1086	1092	0.016098484848484848
araC~~~rhaR	group_1866	1155	969	0.01597444089456869
group_6065	tolA	1032	1086	0.015968063872255488
group_211	parB	2196	2037	0.015944195316392625
group_5132	sfcA	2295	2298	0.015894039735099338
group_3009	group_2357	726	873	0.015804597701149427
hflX	hflK	1107	1317	0.015784586815227482
group_956	group_5670	1281	537	0.015779092702169626
ltrA	group_7855	1719	1302	0.015723270440251572
queH	group_3231	675	669	0.01564945226917058
group_2960	tcyC	735	762	0.015602836879432624
cntF	group_7187	1761	867	0.015531660692951015
group_5170	group_8173	996	1002	0.015527950310559006
eAL	group_5289	1857	1713	0.015448603683897801
group_509	group_1653	1635	1002	0.015432098765432098
group_2912	group_2866	744	756	0.015406162464985995
group_4093	group_8133	420	630	0.015384615384615385
group_7242	virD2	1983	1992	0.015360983102918587
group_1431	group_849	1077	1341	0.015281757402101241
group_8063	group_2584	828	816	0.015267175572519083
group_2584	group_7865	816	891	0.015267175572519083
group_345	oppF	1869	1887	0.015225666122892877
group_2502	group_3605	834	558	0.015151515151515152
group_4050	group_6378	429	1311	0.015037593984962405
group_504	group_506	1638	1638	0.014925373134328358
group_410	mazZ	1755	1236	0.014925373134328358
group_7853	mobH	1779	1893	0.014865637507146942
group_5289	group_6956	1713	1884	0.014854426619132501
group_7301	group_6085	1695	1596	0.014687100893997445
group_1618	group_1769	1011	984	0.014675052410901468
traD	group_227	2160	2160	0.01455399061032864
group_139	group_7225	2439	2451	0.014528850145288501
group_521	group_6589	1626	1623	0.014438166980539862
group_2684	group_1564	792	1023	0.014435695538057743
yhbS	group_3724	531	519	0.014314928425357873
group_2983	group_2864	729	756	0.01430615164520744
group_4236	group_1375	384	1101	0.014124293785310734
group_1564	group_1567	1023	1023	0.014098690835850957
group_2276	group_2189	888	903	0.013986013986013986
group_6732	group_5837	1005	966	0.013888888888888888
group_2890	group_2891	750	750	0.013888888888888888
urtB	group_2185	1632	903	0.013745704467353952
group_2851	group_6046	759	852	0.013717421124828532
group_6449	group_2177	1008	906	0.0136986301369863
group_509	group_1769	1635	984	0.013626834381551363
group_1752	livH	984	1878	0.013626834381551363
group_2919	group_3904	744	471	0.013605442176870748
group_2039	group_3904	930	471	0.013605442176870748
group_1487	group_5361	1050	840	0.013580246913580247
group_4466	group_4479	330	327	0.013468013468013467
group_1409	group_3105	1086	699	0.013452914798206279
batB	group_5715	1275	1149	0.013404825737265416
group_4350	group_4977	357	180	0.013333333333333334
group_3711	group_4977	522	180	0.013333333333333334
group_2385	group_2340	867	876	0.013142174432497013
maiA	group_6389	672	639	0.013136288998357963
group_1167	group_6889	1182	1212	0.013020833333333334
group_7700	group_6364	510	492	0.012987012987012988
group_1932	group_410	954	1755	0.012987012987012988
group_8036	group_8034	339	366	0.012944983818770227
group_1134	group_1001	1194	1251	0.01288659793814433
group_1409	group_3306	1086	651	0.01288244766505636
group_361	group_2965	1839	735	0.01276595744680851
group_157	group_150	2391	2406	0.012706480304955527
group_1740	group_1827	987	975	0.012698412698412698
group_7563	group_4696	282	267	0.012658227848101266
tadE	group_5913	669	663	0.01263823064770932
group_4069	group_5150	426	426	0.012626262626262626
group_4378	group_4397	351	348	0.012578616352201259
dppD	group_1757	1023	984	0.012578616352201259
group_169	spaS	2322	1152	0.012477718360071301
group_2728	group_2887	783	753	0.012448132780082987
group_4037	group_4029	432	435	0.012437810945273632
group_2851	tcyC	759	762	0.012345679012345678
group_2625	group_3193	804	678	0.012345679012345678
group_1653	group_5366	1002	1146	0.012345679012345678
group_6	group_2069	7647	924	0.012304250559284116
group_6947	group_693	1419	1470	0.012239020878329733
group_3153	group_3142	687	690	0.0121765601217656
group_4008	group_3982	441	450	0.012165450121654502
group_7158	group_8210	1692	1515	0.012121212121212121
group_2781	group_2763	774	777	0.012096774193548387
group_5569	bdlA	1917	1455	0.011929824561403509
bdlA	group_7713	1455	1971	0.011929824561403509
group_7985	group_8035	198	1572	0.011904761904761904
group_4314	group_4272	366	378	0.011904761904761904
group_1855	group_1869	969	966	0.011752136752136752
group_5087	group_3961	522	456	0.011737089201877934
artM	glnQ	798	897	0.01171875
group_2628	group_6028	801	1986	0.011673151750972763
group_509	group_5366	1635	1146	0.011648745519713262
group_3038	group_3039	717	717	0.011644832605531296
group_191	group_150	2265	2406	0.011633109619686801
group_6939	group_5418	1785	1752	0.011614401858304297
nikE	group_1769	1710	984	0.011530398322851153
group_1755	group_1648	984	1005	0.011530398322851153
group_351	oppF	1854	1887	0.011513157894736841
group_3346	group_3095	639	702	0.011494252873563218
group_1727	group_1740	987	987	0.011494252873563218
group_2983	group_2887	729	753	0.011444921316165951
group_1207	group_1420	1170	1083	0.011396011396011397
group_5364	group_7158	1620	1692	0.011320754716981131
group_7482	group_7116	1023	1002	0.01131687242798354
ehuA	group_2926	771	741	0.011251758087201125
group_2741	group_2912	780	744	0.011204481792717087
group_2039	group_2919	930	744	0.011204481792717087
group_2501	nimR	834	834	0.011194029850746268
group_6638	group_379	1728	1797	0.011189634864546525
group_1608	group_182	1014	2274	0.011178861788617886
fixB	group_1973	930	945	0.011111111111111112
group_5629	yhcG	1149	1113	0.0110803324099723
group_6264	group_1078	1209	1209	0.01102629346904156
group_664	group_6597	1491	1992	0.010951403148528405
group_7646	group_7456	1698	1701	0.01079136690647482
group_7056	group_3530	594	588	0.010752688172043012
group_7043	fixK	774	867	0.010752688172043012
group_2776	group_1207	774	1170	0.010752688172043012
group_2628	yclP	801	777	0.0107095046854083
group_521	group_7634	1626	1647	0.010651629072681704
cheW	group_1518	501	1041	0.010615711252653927
group_251	trbE	2115	2472	0.010551558752997603
group_4522	group_410	315	1755	0.010526315789473684
group_698	group_374	1464	1806	0.010460251046025104
group_6297	group_7865	921	891	0.010452961672473868
group_410	group_795	1755	1380	0.01037037037037037
group_1145	group_1154	1188	1188	0.010362694300518135
group_3711	group_4837	522	225	0.010256410256410256
group_509	group_1618	1635	1011	0.010193679918450561
group_324	group_1577	1914	1020	0.010101010101010102
group_1039	group_1043	1224	1224	0.010050251256281407
group_3687	group_3624	528	552	0.010040160642570281
group_2983	group_2976	729	732	0.010014306151645207
arsR	group_4466	330	330	0.01
group_501	group_356	1644	1851	0.009913258983890954
group_7062	cntF	840	1761	0.009876543209876543
tnpA	group_7732	2973	2970	0.009863945578231292
group_1273	group_1171	1149	1182	0.009830205540661306
group_4808	group_4794	234	240	0.00980392156862745
group_3335	group_6209	642	705	0.00980392156862745
group_1469	group_1437	1056	1071	0.009746588693957114
group_7178	group_7260	441	522	0.009732360097323601
group_2861	ehuA	756	771	0.009641873278236915
group_361	group_382	1839	1794	0.00963718820861678
group_1438	group_1420	1071	1083	0.009606147934678195
group_6326	group_2837	768	765	0.009523809523809525
group_1727	group_1827	987	975	0.009523809523809525
group_6691	group_2360	873	873	0.009489916963226572
group_237	group_7019	2145	2244	0.009456264775413711
group_7568	group_6177	1359	1302	0.009433962264150943
group_6946	group_625	1548	1518	0.009408602150537635
group_1108	fimB	1200	1200	0.009401709401709401
group_736	group_693	1419	1470	0.009359251259899209
group_2741	group_6028	780	1986	0.009333333333333334
ompC	group_5708	1107	1197	0.009285051067780872
prfA	prfB	1071	900	0.009195402298850575
group_257	fusA	2103	2112	0.009165460684997588
oppD	group_351	1014	1854	0.009146341463414634
group_1582	hisJ	1017	1023	0.00911854103343465
group_555	group_570	1584	1572	0.009079118028534372
group_410	group_3904	1755	471	0.009070294784580499
group_6255	group_7484	582	960	0.009057971014492754
group_7185	group_244	2148	2136	0.009021842355175688
axyY	group_5140	3138	3144	0.009009009009009009
nikE	group_5366	1710	1146	0.008960573476702509
group_6956	group_6085	1884	1596	0.008939974457215836
put2H	group_6565	1149	1167	0.008936550491510277
ruvC	group_3098	765	702	0.008928571428571428
group_1524	group_1511	1038	1044	0.008928571428571428
group_3511	group_5857	594	594	0.008865248226950355
group_1969	group_1952	945	948	0.008743169398907104
axyY	group_44	3138	3144	0.008687258687258687
group_1932	group_1207	954	1170	0.008658008658008658
group_1118	group_3012	1197	726	0.008620689655172414
group_2983	group_2960	729	735	0.008583690987124463
group_410	group_1420	1755	1083	0.008547008547008548
group_13	pbpC	5226	2268	0.008489722966934763
group_7483	group_2	3447	12393	0.008486976880304361
group_61	group_62	2880	2868	0.008456659619450317
group_84	mdeB	2661	2715	0.008361839604713038
group_7651	group_8131	534	150	0.008333333333333333
group_5289	group_6085	1713	1596	0.008301404853128991
ehuA	group_2887	771	753	0.008298755186721992
group_4192	group_4197	393	393	0.008264462809917356
group_2863	group_2689	756	789	0.008264462809917356
oppF	group_1658	1887	1002	0.00823045267489712
paoD	xdhC	1014	1020	0.008130081300813009
virD4	traG~~~virD4	2010	2004	0.008105369807497468
group_1582	group_7718	1017	1017	0.008105369807497468
group_2781	rovC	774	798	0.008064516129032258
group_2776	mazZ	774	1236	0.008064516129032258
dppD	group_345	1023	1869	0.008056394763343404
group_6028	yclP	1986	777	0.008032128514056224
group_488	group_483	1656	1662	0.007995079950799507
group_378	traI	1797	1848	0.00792303338992643
group_395	group_2692	1782	789	0.007905138339920948
group_2689	group_2579	789	816	0.007905138339920948
group_2092	group_7714	918	945	0.007882882882882882
group_4110	group_7605	411	942	0.007874015748031496
trbD	group_7125	285	285	0.00784313725490196
group_4627	group_7574	285	333	0.00784313725490196
uvrC	nagZ	1830	1056	0.007797270955165692
oppF	nikD	1887	1698	0.0077937649880095924
rimO	miaB	1317	1434	0.00777000777000777
dan	group_5834	1455	1497	0.0077192982456140355
group_44	group_5140	3144	3144	0.007707129094412331
group_3609	group_6473	555	555	0.007619047619047619
group_1408	group_1425	1086	1080	0.007619047619047619
group_1942	group_1945	951	951	0.00760043431053203
group_7471	group_3074	690	708	0.007575757575757576
group_2535	group_2426	825	855	0.007547169811320755
group_7626	group_2523	831	828	0.007518796992481203
group_220	group_7438	2178	2172	0.007469654528478058
group_3997	group_4043	444	432	0.007462686567164179
group_6999	group_6819	978	972	0.0074309978768577496
group_7062	gsiA	840	1035	0.007407407407407408
group_7062	group_458	840	1686	0.007407407407407408
group_6493	group_4029	450	435	0.007407407407407408
group_3055	group_3078	711	705	0.007407407407407408
argA	group_6784	1359	1113	0.007386888273314866
group_3997	group_4019	444	438	0.007352941176470588
group_458	group_1755	1686	984	0.007337526205450734
group_6790	group_2439	909	852	0.0072992700729927005
group_1653	nikE	1002	1710	0.00720164609053498
group_5832	group_450	1716	1698	0.007194244604316547
group_191	group_445	2265	1701	0.00718132854578097
group_1630	oppF	1008	1887	0.007157464212678937
group_1630	nikD	1008	1698	0.007157464212678937
group_2983	tcyC	729	762	0.00715307582260372
group_6244	traI	1863	1848	0.007150715071507151
group_351	group_345	1854	1869	0.00712719298245614
group_2974	group_2926	732	741	0.007122507122507123
group_2851	group_2976	759	732	0.007122507122507123
group_5354	group_5832	1764	1716	0.0071174377224199285
oppD	group_509	1014	1635	0.007113821138211382
group_5072	group_4535	312	312	0.0070921985815602835
group_2960	group_2864	735	756	0.0070921985815602835
group_2960	group_2851	735	759	0.0070921985815602835
group_1581	nikE	1017	1710	0.0070921985815602835
group_2945	group_2815	738	768	0.007062146892655367
group_458	dppD	1686	1023	0.007049345417925478
group_2934	group_848	741	1341	0.007032348804500703
group_4522	mazZ	315	1236	0.007017543859649123
group_1207	group_795	1170	1380	0.007017543859649123
group_2912	yclP	744	777	0.0070028011204481795
group_2912	group_6028	744	1986	0.0070028011204481795
group_2628	group_2912	801	744	0.0070028011204481795
abcf	group_2912	1836	744	0.0070028011204481795
group_1518	tar	1041	1731	0.006923837784371909
artM	group_2887	798	753	0.006915629322268326
ntrC	group_6224	1509	1332	0.0069124423963133645
group_7301	group_521	1695	1626	0.006892230576441102
group_675	parB	1482	2037	0.006887052341597796
group_2866	yclP	756	777	0.006887052341597796
group_2866	lptB	756	891	0.006887052341597796
group_2866	group_6028	756	1986	0.006887052341597796
group_2861	group_2851	756	759	0.006887052341597796
group_2741	group_2866	780	756	0.006887052341597796
group_2628	group_2866	801	756	0.006887052341597796
abcf	group_2866	1836	756	0.006887052341597796
group_1057	group_1067	1218	1212	0.00676818950930626
group_2741	yclP	780	777	0.006693440428380187
group_8125	group_7328	480	480	0.006666666666666667
group_2741	group_2628	780	801	0.006666666666666667
group_7185	group_7021	2148	2133	0.006657156443176415
group_1420	group_795	1083	1380	0.006647673314339981
group_2705	potA	786	1128	0.006613756613756613
group_2705	group_1469	786	1056	0.006613756613756613
group_7301	group_5468	1695	1728	0.006606606606606606
group_7456	group_5418	1701	1752	0.006582884500299222
tssF	tssG	1839	1101	0.006535947712418301
group_5569	group_5289	1917	1713	0.006535947712418301
group_5289	group_7713	1713	1971	0.006535947712418301
group_50	group_49	3099	3111	0.006516780710329097
group_1932	mazZ	954	1236	0.006493506493506494
group_5468	group_7713	1728	1971	0.006478209658421673
group_5468	group_5569	1728	1917	0.006478209658421673
group_5350	group_1	12702	12705	0.006470959595959596
trbI	group_7411	1269	1293	0.00645682001614205
group_5350	group_7744	12702	12669	0.006408734868264894
group_2535	group_2584	825	816	0.006361323155216285
aceE	mdeB	2709	2715	0.006345651362448675
group_3684	group_3773	528	504	0.006329113924050633
ddpA	group_474	1614	1671	0.006313131313131313
group_7363	group_5528	1617	1620	0.00630119722747322
group_6571	group_1769	1728	984	0.006289308176100629
group_5366	group_1769	1146	984	0.006289308176100629
ldcC	group_190	2262	2265	0.0062724014336917565
group_1583	group_1747	1017	987	0.006269592476489028
group_2426	group_8063	855	828	0.006265664160401002
group_1217	group_6090	1167	1149	0.006255585344057194
group_1723	group_1698	990	993	0.00625
group_509	nikE	1635	1710	0.006234413965087282
group_806	group_882	1371	1323	0.006187161639597835
group_458	group_1653	1686	1002	0.006172839506172839
bioA	group_6780	1326	1335	0.006172839506172839
group_304	cyoB	1977	2004	0.0061633281972265025
group_485	oppF	1656	1887	0.006150061500615006
group_7857	group_6700	2955	1341	0.0061396776669224865
group_1428	group_1629	1077	1008	0.006134969325153374
group_1618	group_5366	1011	1146	0.0061162079510703364
group_1581	group_1618	1017	1011	0.0061162079510703364
acrB	group_5140	3222	3144	0.0061014771997430954
group_1399	group_6046	1089	852	0.006082725060827251
traI	mobH	1848	1893	0.00605060506050605
ilvA	group_5079	1509	1353	0.006046863189720333
group_2241	group_3132	897	693	0.006033182503770739
group_1125	caiB	1194	1290	0.006013745704467354
group_1010	group_1134	1239	1194	0.006013745704467354
group_1757	group_7187	984	867	0.005973715651135006
group_788	group_801	1383	1377	0.005939123979213066
group_3659	group_3624	540	552	0.0058823529411764705
group_4912	group_4916	201	201	0.005847953216374269
group_1026	group_1002	1233	1251	0.005818786367414797
group_3022	group_3025	720	720	0.005797101449275362
group_2983	glnQ	729	897	0.005722460658082976
group_7853	group_357	1779	1848	0.005717552887364208
aceE	group_84	2709	2661	0.005701254275940707
group_2864	group_2976	756	732	0.005698005698005698
group_7492	group_519	1617	1629	0.005671077504725898
group_2931	yclP	741	777	0.005625879043600563
bdlA	group_6085	1455	1596	0.005614035087719298
group_5134	group_7713	1635	1971	0.005607476635514018
yqjQ	group_6625	756	744	0.0056022408963585435
group_1352	fadH	1113	2352	0.00554016620498615
group_2864	group_2887	756	753	0.005532503457814661
group_6	group_7857	7647	2955	0.005471956224350205
mgtA	group_72	2808	2772	0.005470459518599562
group_6428	group_8203	432	396	0.00546448087431694
group_3500	group_6569	600	579	0.00546448087431694
group_7568	group_5359	1359	1314	0.005451713395638629
group_7211	group_279	399	2031	0.005420054200542005
ilvA	group_6584	1509	1587	0.005409060175794456
group_1921	group_1923	957	957	0.005393743257820928
group_314	group_336	1944	1887	0.005385029617662897
group_3505	group_5795	594	597	0.005319148936170213
group_1700	group_1834	990	972	0.005307855626326964
group_2513	group_5807	828	786	0.005291005291005291
group_1816	group_1824	975	975	0.005291005291005291
group_5071	group_60	2892	2883	0.005257623554153523
group_1772	group_1606	981	1014	0.005257623554153523
group_5777	group_1766	984	984	0.005241090146750524
group_6916	group_6591	2709	2709	0.005225830533781261
group_1172	group_1118	1179	1197	0.005221932114882507
fecE	group_5361	804	840	0.00516795865633075
group_827	group_1108	1353	1200	0.005128205128205128
group_2597	glnQ	810	897	0.005128205128205128
group_6589	group_6085	1623	1596	0.005108556832694764
gsiA	group_1618	1035	1011	0.0050968399592252805
group_8153	group_1072	1011	1212	0.0050968399592252805
group_1618	nikE	1011	1710	0.0050968399592252805
ompC	group_5279	1107	1017	0.005065856129685917
group_6589	group_7363	1623	1617	0.005040957781978576
group_521	group_7363	1626	1617	0.005040957781978576
group_7301	group_6589	1695	1623	0.005021971123666039
group_6589	group_6956	1623	1884	0.005021971123666039
group_1557	group_531	1026	1614	0.0050200803212851405
urtD	abcf	840	1836	0.0049382716049382715
group_7062	group_1581	840	1017	0.0049382716049382715
group_176	ydeP	2289	2268	0.004915102770330653
group_4008	group_3984	441	450	0.004866180048661801
group_337	group_336	1884	1887	0.0048543689320388345
group_6546	group_4003	444	444	0.004830917874396135
group_3298	group_3279	651	657	0.004830917874396135
group_7757	group_1392	1068	1092	0.004816955684007707
group_1438	group_410	1071	1755	0.004803073967339097
group_3627	group_3968	552	453	0.004728132387706856
group_1391	group_1246	1092	1158	0.004708097928436911
group_237	group_6154	2145	1953	0.0046801872074883
group_860	group_7362	1335	1395	0.004597701149425287
group_6581	group_6580	924	900	0.004597701149425287
group_60	group_62	2883	2868	0.0045806906272022555
group_134	group_6967	2451	2631	0.004543577034283354
group_3904	mazZ	471	1236	0.0045351473922902496
group_3055	group_3123	711	693	0.004524886877828055
acrB	group_44	3222	3144	0.00449582530507386
parB	spo0J	2037	2067	0.004484304932735426
group_1231	group_1239	1161	1161	0.004420866489832007
group_6589	group_5289	1623	1713	0.004394224733207784
group_2972	cpxR	732	714	0.0043859649122807015
group_5134	group_5569	1635	1917	0.004361370716510903
group_7050	group_5815	720	1353	0.004347826086956522
group_500	group_492	1644	1653	0.004337050805452293
group_6	group_6855	7647	8355	0.004332414336352895
nusB	ribH	492	531	0.004329004329004329
group_5468	group_7634	1728	1647	0.004329004329004329
group_1149	group_6855	1188	8355	0.004317789291882556
pdxI	group_1920	1011	957	0.004314994606256742
group_6208	group_1144	1284	1191	0.004306632213608958
group_1114	group_1139	1197	1191	0.004306632213608958
group_1134	group_1026	1194	1233	0.00429553264604811
group_483	group_482	1662	1665	0.00428921568627451
group_1889	group_5457	963	984	0.004287245444801715
group_2974	group_6046	732	852	0.004273504273504274
group_2974	group_1471	732	1056	0.004273504273504274
arsC	wzb	501	498	0.004273504273504274
group_1728	group_1858	987	969	0.004259850905218318
arsC	group_3794	501	501	0.004246284501061571
group_458	group_345	1686	1869	0.004227053140096618
group_6028	group_2931	1986	741	0.004219409282700422
group_2628	group_2931	801	741	0.004219409282700422
group_1787	group_6732	978	1005	0.004219409282700422
group_5071	group_61	2892	2880	0.004210526315789474
aspB	group_6038	1308	1218	0.004208754208754209
group_458	group_1757	1686	984	0.0041928721174004195
group_5931	group_7019	2181	2244	0.0041841004184100415
group_7524	group_3759	591	510	0.004166666666666667
gspL	group_8144	1236	1233	0.004156275976724855
gsiA	group_5789	1035	993	0.004153686396677051
group_1183	group_5650	1176	993	0.004153686396677051
group_377	scpB	1800	1236	0.0041459369817578775
group_2861	artM	756	798	0.004132231404958678
artM	group_2864	798	756	0.004132231404958678
group_2776	group_1438	774	1071	0.004032258064516129
group_7482	group_2	1023	12393	0.004028197381671702
group_605	group_614	1530	1524	0.004016064257028112
abcf	yclP	1836	777	0.004016064257028112
group_2741	abcf	780	1836	0.004
group_595	group_553	1542	1587	0.003968253968253968
group_3653	group_3649	543	546	0.003898635477582846
group_2628	abcf	801	1836	0.0038910505836575876
group_2502	group_3649	834	546	0.003875968992248062
group_1540	group_3649	1032	546	0.003875968992248062
mpfA	group_6570	1584	1638	0.003861003861003861
group_5142	melB	1335	1329	0.003849114703618168
group_3606	stdA	555	552	0.0038314176245210726
group_126	group_7244	2469	2379	0.0038314176245210726
group_3609	group_3614	555	555	0.0038095238095238095
group_4597	group_4216	294	390	0.003787878787878788
group_4496	group_4597	321	294	0.003787878787878788
group_4430	group_4597	339	294	0.003787878787878788
group_3589	dxr	561	1200	0.003766478342749529
group_458	group_509	1686	1635	0.003740648379052369
group_5134	group_6956	1635	1884	0.003738317757009346
nimR	group_2503	834	834	0.0037313432835820895
menE	group_6673	1638	1653	0.0037313432835820895
group_2501	group_2503	834	834	0.0037313432835820895
galU	group_5991	834	852	0.0037313432835820895
sigK	group_6633	570	570	0.003703703703703704
group_7062	group_5328	840	1632	0.003703703703703704
group_736	group_740	1419	1419	0.003599712023038157
group_7783	group_1285	1143	1143	0.0035938903863432167
group_184	group_183	2271	2274	0.0035698348951361
group_7402	group_1848	876	972	0.0035460992907801418
group_5468	bdlA	1728	1455	0.0035087719298245615
group_5134	bdlA	1635	1455	0.0035087719298245615
group_4522	group_1438	315	1071	0.0035087719298245615
group_4522	group_1420	315	1083	0.0035087719298245615
bdlA	group_6956	1455	1884	0.0035087719298245615
bdlA	group_5289	1455	1713	0.0035087719298245615
group_6522	group_7317	3180	3633	0.003492063492063492
group_406	group_367	1770	1827	0.0034482758620689655
group_664	group_8149	1491	1590	0.0034223134839151265
group_2107	group_2133	915	912	0.003401360544217687
group_2075	group_2117	921	915	0.003389830508474576
group_7825	group_1064	1221	1215	0.0033755274261603376
group_151	group_126	2403	2469	0.00337126000842815
arsR	group_4479	330	327	0.003367003367003367
group_585	ddpA	1554	1614	0.0032808398950131233
group_1838	group_6309	972	945	0.003278688524590164
group_3322	group_3335	645	642	0.0032679738562091504
group_50	mdtB	3099	3165	0.0032583903551645487
group_6597	group_8149	1992	1590	0.003205128205128205
group_1830	group_5837	972	966	0.003205128205128205
group_1704	group_7746	990	969	0.003194888178913738
group_6085	group_7713	1596	1971	0.0031928480204342275
group_5569	group_6085	1917	1596	0.0031928480204342275
group_521	group_6085	1626	1596	0.0031928480204342275
group_5580	group_5581	2928	2895	0.0031914893617021275
group_5281	group_78	1911	2715	0.003189792663476874
group_7301	group_544	1695	1599	0.0031867431485022306
group_1830	group_6732	972	1005	0.0031847133757961785
group_6852	group_3262	690	660	0.0031746031746031746
group_3258	group_6019	663	2151	0.00315955766192733
group_7301	group_7363	1695	1617	0.00315059861373661
oppF	group_1755	1887	984	0.0031446540880503146
kefF	group_3248	684	666	0.0031446540880503146
group_521	tar	1626	1731	0.003132832080200501
group_509	group_496	1635	1650	0.003117206982543641
group_1674	group_5789	996	993	0.003115264797507788
group_7748	group_4362	921	354	0.0030864197530864196
group_351	group_496	1854	1650	0.0030864197530864196
group_998	group_8153	1251	1011	0.0030581039755351682
group_458	group_1581	1686	1017	0.00303951367781155
yrdD	group_289	2031	2016	0.0030211480362537764
dppD	oppF	1023	1887	0.0030211480362537764
group_462	group_368	1686	1821	0.0030193236714975845
gsiA	group_5328	1035	1632	0.0029850746268656717
group_458	gsiA	1686	1035	0.0029850746268656717
group_4311	group_3877	366	477	0.002976190476190476
group_3085	group_3076	702	705	0.002976190476190476
group_3060	group_3078	711	705	0.002962962962962963
group_52	group_50	3078	3099	0.002952755905511811
group_6630	group_8221	1386	1437	0.0029498525073746312
group_3060	group_3045	711	714	0.002936857562408223
group_5069	group_768	1395	1398	0.0029304029304029304
group_1469	group_1471	1056	1056	0.0029239766081871343
group_49	mdtB	3111	3165	0.0029211295034079843
group_7336	group_142	2481	2430	0.002916666666666667
group_998	group_1464	1251	1059	0.0029154518950437317
group_3014	group_3030	723	720	0.002898550724637681
dosP	group_6397	2577	1755	0.002898550724637681
group_742	group_5577	1416	1422	0.002886002886002886
group_403	betA	1773	1776	0.002868617326448652
group_7732	group_3000	2970	729	0.002861230329041488
group_2990	group_7292	729	744	0.002861230329041488
group_2983	artM	729	798	0.002861230329041488
group_720	gabR	1434	1533	0.002849002849002849
group_2728	group_2960	783	735	0.0028368794326241137
group_2955	group_7462	738	810	0.002824858757062147
group_7499	group_1	12456	12705	0.0028166747143087076
group_395	group_2931	1782	741	0.0028129395218002813
group_2926	group_6046	741	852	0.0028129395218002813
group_2912	group_2931	744	741	0.0028129395218002813
group_2866	group_2931	756	741	0.0028129395218002813
group_2741	group_2931	780	741	0.0028129395218002813
group_395	group_2912	1782	744	0.0028011204481792717
group_2869	group_7292	756	744	0.0028011204481792717
group_1744	group_2921	987	744	0.0028011204481792717
group_159	group_2921	2385	744	0.0028011204481792717
copZ	group_6270	2955	2535	0.0027944111776447107
group_2887	glnQ	753	897	0.0027662517289073307
group_2597	group_2887	810	753	0.0027662517289073307
group_7729	group_4197	393	393	0.0027548209366391185
group_395	group_2866	1782	756	0.0027548209366391185
group_357	group_6244	1848	1863	0.0027502750275027505
group_2851	potA	759	1128	0.0027434842249657062
group_2851	glnQ	759	897	0.0027434842249657062
group_7857	group_6855	2955	8355	0.0027359781121751026
group_6590	group_6235	1512	1539	0.002699055330634278
group_2793	group_6876	771	813	0.002699055330634278
group_1393	group_2792	1089	771	0.002699055330634278
group_6597	group_6956	1992	1884	0.002696871628910464
group_2774	group_2653	774	798	0.002688172043010753
group_614	group_621	1524	1521	0.0026827632461435278
group_395	yclP	1782	777	0.002677376171352075
group_2741	group_395	780	1782	0.0026666666666666666
group_2741	group_2632	780	801	0.0026666666666666666
group_2691	paaG	789	801	0.002635046113306983
group_1161	group_1195	1182	1173	0.0026246719160104987
group_2628	group_395	801	1782	0.0025940337224383916
gyrB	parE	2448	1962	0.002587991718426501
group_544	group_5468	1599	1728	0.0025493945188017845
group_6207	group_2584	1011	816	0.002544529262086514
group_1035	group_1079	1224	1209	0.002544529262086514
group_40	acrB	3183	3222	0.002537266095781795
yrdD	group_287	2031	2016	0.0025176233635448137
group_2531	group_2534	825	825	0.0025157232704402514
group_1036	group_6327	1224	1470	0.002512562814070352
sctE	group_953	1230	1284	0.0025
group_351	group_5328	1854	1632	0.0024968789013732834
group_508	ettA	1635	1674	0.0024922118380062306
group_458	group_506	1686	1638	0.0024875621890547263
group_501	group_450	1644	1698	0.0024783147459727386
group_496	cntF	1650	1761	0.0024691358024691358
group_8088	group_6270	2466	2535	0.0024630541871921183
group_2426	group_6207	855	1011	0.0024242424242424242
group_445	group_150	1701	2406	0.0023937761819269898
group_2380	group_2385	867	867	0.0023894862604540022
group_2337	group_2385	876	867	0.0023894862604540022
group_7483	group_1	3447	12705	0.002341235001463272
group_3938	group_8133	462	630	0.0023148148148148147
group_2107	group_2175	915	906	0.00228310502283105
group_1438	group_3904	1071	471	0.0022675736961451248
group_1420	group_3904	1083	471	0.0022675736961451248
group_6	group_7	7647	7134	0.0022522522522522522
group_40	axyY	3183	3138	0.0022522522522522522
dppC	group_2085	927	921	0.002244668911335578
group_6	group_6953	7647	7932	0.00223184980963634
group_410	group_2039	1755	930	0.0022222222222222222
group_1438	group_2039	1071	930	0.0022222222222222222
group_5070	group_1942	951	951	0.002171552660152009
group_1828	group_1900	972	960	0.002150537634408602
group_1772	group_1856	981	969	0.002129925452609159
group_1541	group_7403	1032	969	0.002129925452609159
group_1830	group_5949	972	993	0.0021231422505307855
group_1820	group_1640	975	1005	0.0021164021164021165
group_1787	group_1732	978	987	0.002109704641350211
group_1753	cadM	984	978	0.002109704641350211
group_1701	group_1806	990	978	0.002109704641350211
oppF	group_1776	1887	981	0.002103049421661409
group_7744	group_2	12669	12393	0.002103049421661409
group_6571	group_1776	1728	981	0.002103049421661409
group_1653	group_1769	1002	984	0.0020964360587002098
group_1744	group_161	987	2382	0.0020898641588296763
group_1687	group_7397	993	1005	0.0020768431983385254
group_1671	group_6843	996	1014	0.002070393374741201
group_3737	group_3704	516	525	0.00205761316872428
group_1653	group_1618	1002	1011	0.00205761316872428
group_1629	group_1487	1008	1050	0.002044989775051125
traG	virD4	2001	2010	0.0020294266869609334
group_7636	group_5225	15177	9948	0.002016535591853196
group_1246	atuA	1158	1023	0.002014098690835851
group_616	group_612	1524	1527	0.002008032128514056
gsiA	cntF	1035	1761	0.001990049751243781
group_544	group_7856	1599	534	0.001984126984126984
group_1478	group_7677	1053	1062	0.0019550342130987292
msbA	group_96	3624	2592	0.00195160031225605
group_1469	potA	1056	1128	0.001949317738791423
group_1428	group_1469	1077	1056	0.001949317738791423
group_48	group_49	3117	3111	0.0019474196689386564
cysA	group_347	1065	1866	0.001932367149758454
group_1413	group_1408	1083	1086	0.001899335232668566
group_241	group_212	2139	2196	0.001896633475580844
group_7709	group_236	2166	2148	0.0018885741265344666
group_7499	group_2	12456	12393	0.0018603898730081695
group_458	group_496	1686	1650	0.001851851851851852
frmA	group_1357	1110	1110	0.001851851851851852
group_485	nikD	1656	1698	0.0018450184501845018
potA	group_1313	1128	1131	0.0018214936247723133
group_458	cntF	1686	1761	0.0018115942028985507
group_5629	group_6090	1149	1149	0.0017873100983020554
group_1223	group_5083	1164	1155	0.0017777777777777779
group_1186	group_1197	1176	1173	0.0017497812773403325
group_3445	group_3491	615	603	0.0017452006980802793
group_113	group_7244	2493	2379	0.0017028522775649213
group_1086	pcaF	1206	1209	0.0017006802721088435
abcf	group_6028	1836	1986	0.0016611295681063123
mazZ	group_795	1236	1380	0.001658374792703151
group_361	group_6028	1839	1986	0.001658374792703151
group_1677	group_3380	996	633	0.001658374792703151
group_1010	group_1002	1239	1251	0.0016542597187758478
bbsF	group_982	1314	1263	0.0016220600162206002
group_5508	sctK	651	657	0.001610305958132045
group_40	group_5140	3183	3144	0.0016056518946692357
group_6109	group_5359	1341	1314	0.001557632398753894
group_3085	group_5361	702	840	0.001488095238095238
group_3085	group_3030	702	720	0.001488095238095238
group_2241	group_7670	897	705	0.0014814814814814814
group_5069	group_759	1395	1404	0.0014652014652014652
urtE	group_3045	2490	714	0.0014619883040935672
group_3022	group_3045	720	714	0.0014619883040935672
group_382	group_2965	1794	735	0.0014184397163120568
group_63	uvrA	2856	5760	0.0014154281670205238
group_2941	group_2597	738	810	0.0014124293785310734
group_2864	group_2926	756	741	0.0014064697609001407
group_7634	bdlA	1647	1455	0.0014035087719298245
group_410	group_2919	1755	744	0.0014005602240896359
group_2061	group_2912	924	744	0.0014005602240896359
group_1438	group_2919	1071	744	0.0014005602240896359
srmB	group_698	1515	1464	0.001394700139470014
group_7020	group_6715	1545	1470	0.001388888888888889
group_6715	group_5528	1470	1620	0.001388888888888889
group_2863	group_2579	756	816	0.0013774104683195593
group_2861	group_2864	756	756	0.0013774104683195593
group_2061	group_2866	924	756	0.0013774104683195593
ehuA	group_2864	771	756	0.0013774104683195593
group_2851	group_6162	759	996	0.0013717421124828531
group_7499	group_5350	12456	12702	0.0013680991469499438
group_607	group_651	1530	1500	0.0013605442176870747
amiD	leuA	1503	1710	0.0013577732518669382
group_2792	gsiA	771	1035	0.001349527665317139
group_6946	group_624	1548	1518	0.0013440860215053765
group_2061	yclP	924	777	0.0013386880856760374
group_2741	group_2061	780	924	0.0013333333333333333
group_7886	group_6879	1536	2895	0.0013280212483399733
group_2717	group_8153	786	1011	0.0013227513227513227
gyrA	parC	2670	2322	0.0013089005235602095
group_578	group_576	1560	1563	0.00130718954248366
urtD	group_2646	840	798	0.0013020833333333333
group_1755	group_2652	984	798	0.0013020833333333333
artM	group_6046	798	852	0.0013020833333333333
artM	group_2597	798	810	0.0013020833333333333
group_2628	group_361	801	1839	0.0012970168612191958
group_2061	group_2628	924	801	0.0012970168612191958
group_47	group_5140	3120	3144	0.0012944983818770227
group_47	group_44	3120	3144	0.0012944983818770227
group_47	acrB	3120	3222	0.0012944983818770227
group_5107	group_2624	816	804	0.0012919896640826874
group_2501	group_7048	834	804	0.0012919896640826874
group_1487	fecE	1050	804	0.0012919896640826874
tar	group_8149	1731	1590	0.001282051282051282
group_8149	group_7713	1590	1971	0.001282051282051282
group_6956	group_8149	1884	1590	0.001282051282051282
group_5569	group_8149	1917	1590	0.001282051282051282
group_544	group_5289	1599	1713	0.0012746972594008922
group_541	group_5906	1605	1623	0.0012698412698412698
group_5134	group_6589	1635	1623	0.0012554927809165098
groL	group_523	1641	1623	0.0012554927809165098
group_521	group_6956	1626	1884	0.0012531328320802004
group_496	group_5328	1650	1632	0.0012484394506866417
group_458	group_5328	1686	1632	0.0012484394506866417
group_504	cntF	1638	1761	0.0012437810945273632
group_7634	group_7713	1647	1971	0.0012368583797155227
group_7634	group_5569	1647	1917	0.0012368583797155227
msbA	group_496	3624	1650	0.0012345679012345679
group_7062	group_1648	840	1005	0.0012345679012345679
group_7720	group_483	1680	1662	0.0012254901960784314
group_2451	flgL	846	1260	0.0012254901960784314
potA	group_6046	1128	852	0.0012165450121654502
group_458	group_6571	1686	1728	0.0012077294685990338
group_7301	group_6956	1695	1884	0.0012012012012012011
group_7646	group_6939	1698	1785	0.001199040767386091
group_7646	group_429	1698	1722	0.001199040767386091
group_7479	group_2383	1341	867	0.0011947431302270011
group_5468	tar	1728	1731	0.001177856301531213
acnD	acnA	2619	2706	0.0011587485515643105
group_88	group_5180	2637	2646	0.0011507479861910242
uup	drrA	1935	906	0.001141552511415525
group_395	group_6028	1782	1986	0.001141552511415525
group_2061	group_6028	924	1986	0.0011185682326621924
group_2061	abcf	924	1836	0.0011185682326621924
group_6711	group_335	1926	1887	0.0010770059235325794
group_1882	group_1878	963	966	0.0010718113612004287
group_1869	group_1818	966	975	0.0010683760683760685
group_1828	group_1831	972	972	0.0010615711252653928
group_6597	group_5569	1992	1917	0.0010598834128245894
group_1788	group_5458	978	987	0.0010548523206751054
group_5394	group_5457	981	984	0.0010515247108307045
group_6019	group_6154	2151	1953	0.0010400416016640667
group_1618	group_5789	1011	993	0.0010384215991692627
group_6597	group_7713	1992	1971	0.0010303967027305513
trbG	group_7397	1002	1005	0.00102880658436214
group_1630	group_485	1008	1656	0.0010224948875255625
group_6843	lacI	1014	1095	0.0010162601626016261
group_6953	group_6855	7932	8355	0.0010124019235636548
group_110	atuA	2505	1023	0.0010070493454179255
gsiA	group_5366	1035	1146	0.0009950248756218905
group_47	group_48	3120	3117	0.0009718172983479105
group_5350	group_2	12702	12393	0.000970638194612958
group_36	axyY	3216	3138	0.0009652509652509653
group_1391	group_1425	1092	1080	0.0009523809523809524
potA	group_1405	1128	1086	0.000946969696969697
group_237	group_5931	2145	2181	0.0009456264775413711
group_6019	group_7019	2151	2244	0.000942951438000943
group_7774	traD	2193	2160	0.0009389671361502347
group_7774	group_227	2193	2160	0.0009389671361502347
group_1319	group_1347	1128	1116	0.0009208103130755065
group_196	group_5462	2259	3333	0.0008972633467922835
group_5194	group_1248	1176	1158	0.0008865248226950354
group_5099	group_1116	1197	1197	0.000856898029134533
group_1098	group_1108	1203	1200	0.0008547008547008547
group_156	group_160	2391	2382	0.0008503401360544217
group_7606	group_5633	1236	1209	0.0008488964346349745
group_6136	group_1060	1287	1215	0.0008438818565400844
group_1051	group_6011	1221	1239	0.0008396305625524769
group_5350	group_140	12702	2439	0.0008302200083022001
group_6883	group_119	2454	2481	0.0008250825082508251
group_6224	zraR	1332	1338	0.0007680491551459293
group_6109	group_7568	1341	1359	0.0007627765064836003
group_730	group_5856	1422	1437	0.0007183908045977011
group_644	group_720	1503	1434	0.0007122507122507123
group_652	group_659	1497	1494	0.0006830601092896175
axyY	acrB	3138	3222	0.0006435006435006435
group_544	tar	1599	1731	0.0006373486297004461
group_513	group_5408	1629	1605	0.0006349206349206349
group_521	group_5289	1626	1713	0.0006265664160401002
cntF	group_5328	1761	1632	0.0006242197253433209
group_351	group_509	1854	1635	0.0006234413965087282
group_345	group_509	1869	1635	0.0006234413965087282
group_7815	group_499	1710	1647	0.0006184291898577613
group_7301	group_5289	1695	1713	0.0006006006006006006
group_345	nikE	1869	1710	0.0005952380952380953
group_5767	group_7534	1944	1932	0.0005257623554153522
group_21	group_5225	3876	9948	0.0005200208008320333
group_1	group_2	12705	12393	0.000485319097306479
group_6511	group_126	2121	2469	0.00047824007651841227
group_6782	group_207	2196	2214	0.0004616805170821791
caiA	group_170	2349	2319	0.00043687199650502403
group_7	group_6855	7134	8355	0.0004222972972972973
group_104	group_103	2541	2547	0.00039824771007566706
group_1	group_7744	12705	12669	0.00023736055067647758
group_7499	group_7744	12456	12669	0.00016095284081764043
group_3	group_0	8493	12921	0.0001183011948420679
